Active;Name;Categories;Price;Reference;Short description;Description;Meta description
1;Adidas Campus 00s;Sneakers|Adidas;87,04;SB-ADI-CAMPUS-00S;Agrégat FR SneakerBot — 40 sources.;Prix min 65.00 €, max 113.75 €, moyenne 87.04 €. Mise à jour : 2026-03-28 18:41:31.;Adidas Campus 00s — à partir de 65 € (marché FR).
1;Adidas Campus 00s Women;Sneakers|Adidas;115,00;SB-ADI-CAMPUS-00S-WOM;Agrégat FR SneakerBot — 32 sources.;Prix min 85.00 €, max 155.00 €, moyenne 115.00 €. Mise à jour : 2026-03-28 18:41:31.;Adidas Campus 00s Women — à partir de 85 € (marché FR).
1;Adidas Campus 80s;Sneakers|Adidas;86,08;SB-ADI-CAMPUS-80S;Agrégat FR SneakerBot — 40 sources.;Prix min 65.00 €, max 113.75 €, moyenne 86.08 €. Mise à jour : 2026-03-28 18:41:31.;Adidas Campus 80s — à partir de 65 € (marché FR).
1;Adidas Forum Bold Women;Sneakers|Adidas;128,00;SB-ADI-FORUM-BOLD-WOM;Agrégat FR SneakerBot — 31 sources.;Prix min 95.00 €, max 170.00 €, moyenne 128.00 €. Mise à jour : 2026-03-28 18:41:31.;Adidas Forum Bold Women — à partir de 95 € (marché FR).
1;Adidas Forum High;Sneakers|Adidas;98,35;SB-ADI-FORUM-HIGH;Agrégat FR SneakerBot — 35 sources.;Prix min 74.95 €, max 130.00 €, moyenne 98.35 €. Mise à jour : 2026-03-28 18:41:31.;Adidas Forum High — à partir de 75 € (marché FR).
1;Adidas Forum Low;Sneakers|Adidas;87,99;SB-ADI-FORUM-LOW;Agrégat FR SneakerBot — 42 sources.;Prix min 65.00 €, max 113.75 €, moyenne 87.99 €. Mise à jour : 2026-03-28 18:41:31.;Adidas Forum Low — à partir de 65 € (marché FR).
1;Adidas Gazelle Bold;Sneakers|Adidas;95,41;SB-ADI-GAZELLE-BOLD;Agrégat FR SneakerBot — 44 sources.;Prix min 70.00 €, max 122.50 €, moyenne 95.41 €. Mise à jour : 2026-03-28 18:41:31.;Adidas Gazelle Bold — à partir de 70 € (marché FR).
1;Adidas Gazelle Bold Women;Sneakers|Adidas;118,00;SB-ADI-GAZELLE-BOLD-W;Agrégat FR SneakerBot — 38 sources.;Prix min 90.00 €, max 160.00 €, moyenne 118.00 €. Mise à jour : 2026-03-28 18:41:31.;Adidas Gazelle Bold Women — à partir de 90 € (marché FR).
1;Adidas Gazelle Indoor;Sneakers|Adidas;96,39;SB-ADI-GAZELLE-INDOOR;Agrégat FR SneakerBot — 40 sources.;Prix min 70.00 €, max 122.50 €, moyenne 96.39 €. Mise à jour : 2026-03-28 18:41:31.;Adidas Gazelle Indoor — à partir de 70 € (marché FR).
1;Adidas Handball Spezial Women;Sneakers|Adidas;120,00;SB-ADI-HANDBALL-SPEZI;Agrégat FR SneakerBot — 38 sources.;Prix min 90.00 €, max 160.00 €, moyenne 120.00 €. Mise à jour : 2026-03-28 18:41:31.;Adidas Handball Spezial Women — à partir de 90 € (marché FR).
1;Adidas Samba Classic;Sneakers|Adidas;102,46;SB-ADI-SAMBA-CLASSIC;Agrégat FR SneakerBot — 36 sources.;Prix min 74.95 €, max 131.16 €, moyenne 102.46 €. Mise à jour : 2026-03-28 18:41:31.;Adidas Samba Classic — à partir de 75 € (marché FR).
1;Adidas Samba OG;Sneakers|Adidas;105,01;SB-ADI-SAMBA-OG;Agrégat FR SneakerBot — 41 sources.;Prix min 74.95 €, max 131.16 €, moyenne 105.01 €. Mise à jour : 2026-03-28 18:41:31.;Adidas Samba OG — à partir de 75 € (marché FR).
1;Adidas Samba OG Women;Sneakers|Adidas;109,55;SB-ADI-SAMBA-OG-WOMEN;Agrégat FR SneakerBot — 26 sources.;Prix min 80.00 €, max 135.00 €, moyenne 109.55 €. Mise à jour : 2026-03-28 18:41:31.;Adidas Samba OG Women — à partir de 80 € (marché FR).
1;Adidas SL 72 OG Women;Sneakers|Adidas;84,91;SB-ADI-SL-72-OG-WOMEN;Agrégat FR SneakerBot — 31 sources.;Prix min 64.95 €, max 110.00 €, moyenne 84.91 €. Mise à jour : 2026-03-28 18:41:31.;Adidas SL 72 OG Women — à partir de 65 € (marché FR).
1;Adidas Stan Smith;Sneakers|Adidas;115,64;SB-ADI-STAN-SMITH;Agrégat FR SneakerBot — 38 sources.;Prix min 85.00 €, max 148.75 €, moyenne 115.64 €. Mise à jour : 2026-03-28 18:41:31.;Adidas Stan Smith — à partir de 85 € (marché FR).
1;Adidas Stan Smith Recon;Sneakers|Adidas;100,20;SB-ADI-STAN-SMITH-REC;Agrégat FR SneakerBot — 33 sources.;Prix min 74.95 €, max 131.16 €, moyenne 100.20 €. Mise à jour : 2026-03-28 18:41:31.;Adidas Stan Smith Recon — à partir de 75 € (marché FR).
1;Adidas Superstar;Sneakers|Adidas;126,40;SB-ADI-SUPERSTAR;Agrégat FR SneakerBot — 34 sources.;Prix min 89.95 €, max 157.41 €, moyenne 126.40 €. Mise à jour : 2026-03-28 18:41:31.;Adidas Superstar — à partir de 90 € (marché FR).
1;Adidas Superstar XLG;Sneakers|Adidas;116,48;SB-ADI-SUPERSTAR-XLG;Agrégat FR SneakerBot — 24 sources.;Prix min 89.95 €, max 144.00 €, moyenne 116.48 €. Mise à jour : 2026-03-28 18:41:31.;Adidas Superstar XLG — à partir de 90 € (marché FR).
1;Asics Gel-1130;Sneakers|Asics;101,37;SB-ASI-GEL-1130;Agrégat FR SneakerBot — 36 sources.;Prix min 78.20 €, max 135.00 €, moyenne 101.37 €. Mise à jour : 2026-03-28 18:41:31.;Asics Gel-1130 — à partir de 78 € (marché FR).
1;Asics Gel-1130 Premium;Sneakers|Asics;95,83;SB-ASI-GEL-1130-PREMI;Agrégat FR SneakerBot — 33 sources.;Prix min 69.95 €, max 122.41 €, moyenne 95.83 €. Mise à jour : 2026-03-28 18:41:31.;Asics Gel-1130 Premium — à partir de 70 € (marché FR).
1;Asics Gel-1130 Women;Sneakers|Asics;112,00;SB-ASI-GEL-1130-WOMEN;Agrégat FR SneakerBot — 34 sources.;Prix min 85.00 €, max 150.00 €, moyenne 112.00 €. Mise à jour : 2026-03-28 18:41:31.;Asics Gel-1130 Women — à partir de 85 € (marché FR).
1;Asics Gel-Cumulus 26;Sneakers|Asics;138,82;SB-ASI-GEL-CUMULUS-26;Agrégat FR SneakerBot — 35 sources.;Prix min 104.00 €, max 182.00 €, moyenne 138.82 €. Mise à jour : 2026-03-28 18:41:31.;Asics Gel-Cumulus 26 — à partir de 104 € (marché FR).
1;Asics Gel-Kayano 14;Sneakers|Asics;148,44;SB-ASI-GEL-KAYANO-14;Agrégat FR SneakerBot — 27 sources.;Prix min 109.00 €, max 190.75 €, moyenne 148.44 €. Mise à jour : 2026-03-28 18:41:31.;Asics Gel-Kayano 14 — à partir de 109 € (marché FR).
1;Asics Gel-Kayano 14 Vintage;Sneakers|Asics;93,93;SB-ASI-GEL-KAYANO-14-;Agrégat FR SneakerBot — 29 sources.;Prix min 70.00 €, max 120.00 €, moyenne 93.93 €. Mise à jour : 2026-03-28 18:41:31.;Asics Gel-Kayano 14 Vintage — à partir de 70 € (marché FR).
1;Asics Gel-Kayano 14 Women;Sneakers|Asics;172,00;SB-ASI-GEL-KAYANO-14-;Agrégat FR SneakerBot — 29 sources.;Prix min 130.00 €, max 230.00 €, moyenne 172.00 €. Mise à jour : 2026-03-28 18:41:31.;Asics Gel-Kayano 14 Women — à partir de 130 € (marché FR).
1;Asics Gel-Lyte III OG;Sneakers|Asics;126,18;SB-ASI-GEL-LYTE-III-O;Agrégat FR SneakerBot — 37 sources.;Prix min 89.95 €, max 157.41 €, moyenne 126.18 €. Mise à jour : 2026-03-28 18:41:31.;Asics Gel-Lyte III OG — à partir de 90 € (marché FR).
1;Asics Gel-Nimbus 9;Sneakers|Asics;135,24;SB-ASI-GEL-NIMBUS-9;Agrégat FR SneakerBot — 31 sources.;Prix min 99.90 €, max 174.83 €, moyenne 135.24 €. Mise à jour : 2026-03-28 18:41:31.;Asics Gel-Nimbus 9 — à partir de 100 € (marché FR).
1;Asics Gel-Nimbus 9 Women;Sneakers|Asics;158,00;SB-ASI-GEL-NIMBUS-9-W;Agrégat FR SneakerBot — 32 sources.;Prix min 120.00 €, max 210.00 €, moyenne 158.00 €. Mise à jour : 2026-03-28 18:41:31.;Asics Gel-Nimbus 9 Women — à partir de 120 € (marché FR).
1;Asics GT-2160;Sneakers|Asics;124,06;SB-ASI-GT-2160;Agrégat FR SneakerBot — 35 sources.;Prix min 91.00 €, max 159.25 €, moyenne 124.06 €. Mise à jour : 2026-03-28 18:41:31.;Asics GT-2160 — à partir de 91 € (marché FR).
1;Asics GT-2160 Premium;Sneakers|Asics;105,21;SB-ASI-GT-2160-PREMIU;Agrégat FR SneakerBot — 35 sources.;Prix min 79.99 €, max 135.00 €, moyenne 105.21 €. Mise à jour : 2026-03-28 18:41:31.;Asics GT-2160 Premium — à partir de 80 € (marché FR).
1;Asics GT-2160 Women;Sneakers|Asics;122,00;SB-ASI-GT-2160-WOMEN;Agrégat FR SneakerBot — 32 sources.;Prix min 95.00 €, max 165.00 €, moyenne 122.00 €. Mise à jour : 2026-03-28 18:41:31.;Asics GT-2160 Women — à partir de 95 € (marché FR).
1;Converse All Star Hi;Sneakers|Converse;74,70;SB-CON-ALL-STAR-HI;Agrégat FR SneakerBot — 32 sources.;Prix min 55.00 €, max 96.25 €, moyenne 74.70 €. Mise à jour : 2026-03-28 18:41:31.;Converse All Star Hi — à partir de 55 € (marché FR).
1;Converse All Star Lift Women;Sneakers|Converse;98,00;SB-CON-ALL-STAR-LIFT-;Agrégat FR SneakerBot — 24 sources.;Prix min 70.00 €, max 135.00 €, moyenne 98.00 €. Mise à jour : 2026-03-28 18:41:31.;Converse All Star Lift Women — à partir de 70 € (marché FR).
1;Converse All Star Low;Sneakers|Converse;78,15;SB-CON-ALL-STAR-LOW;Agrégat FR SneakerBot — 23 sources.;Prix min 60.00 €, max 95.00 €, moyenne 78.15 €. Mise à jour : 2026-03-28 18:41:31.;Converse All Star Low — à partir de 60 € (marché FR).
1;Converse Chuck 70 Hi;Sneakers|Converse;99,76;SB-CON-CHUCK-70-HI;Agrégat FR SneakerBot — 33 sources.;Prix min 70.00 €, max 122.50 €, moyenne 99.76 €. Mise à jour : 2026-03-28 18:41:31.;Converse Chuck 70 Hi — à partir de 70 € (marché FR).
1;Converse Chuck 70 Low;Sneakers|Converse;107,50;SB-CON-CHUCK-70-LOW;Agrégat FR SneakerBot — 25 sources.;Prix min 75.00 €, max 131.25 €, moyenne 107.50 €. Mise à jour : 2026-03-28 18:41:31.;Converse Chuck 70 Low — à partir de 75 € (marché FR).
1;Converse Chuck 70 Plus;Sneakers|Converse;92,99;SB-CON-CHUCK-70-PLUS;Agrégat FR SneakerBot — 20 sources.;Prix min 70.00 €, max 119.95 €, moyenne 92.99 €. Mise à jour : 2026-03-28 18:41:31.;Converse Chuck 70 Plus — à partir de 70 € (marché FR).
1;Converse Chuck 70 Women;Sneakers|Converse;102,00;SB-CON-CHUCK-70-WOMEN;Agrégat FR SneakerBot — 29 sources.;Prix min 75.00 €, max 135.00 €, moyenne 102.00 €. Mise à jour : 2026-03-28 18:41:31.;Converse Chuck 70 Women — à partir de 75 € (marché FR).
1;Converse One Star Pro;Sneakers|Converse;73,41;SB-CON-ONE-STAR-PRO;Agrégat FR SneakerBot — 21 sources.;Prix min 54.00 €, max 94.50 €, moyenne 73.41 €. Mise à jour : 2026-03-28 18:41:31.;Converse One Star Pro — à partir de 54 € (marché FR).
1;Converse One Star Women;Sneakers|Converse;74,01;SB-CON-ONE-STAR-WOMEN;Agrégat FR SneakerBot — 26 sources.;Prix min 55.95 €, max 95.00 €, moyenne 74.01 €. Mise à jour : 2026-03-28 18:41:31.;Converse One Star Women — à partir de 56 € (marché FR).
1;Converse Pro Leather Low;Sneakers|Converse;85,00;SB-CON-PRO-LEATHER-LO;Agrégat FR SneakerBot — 32 sources.;Prix min 60.00 €, max 120.00 €, moyenne 85.00 €. Mise à jour : 2026-03-28 18:41:31.;Converse Pro Leather Low — à partir de 60 € (marché FR).
1;Converse Run Star Hike Hi;Sneakers|Converse;113,55;SB-CON-RUN-STAR-HIKE-;Agrégat FR SneakerBot — 17 sources.;Prix min 83.95 €, max 146.91 €, moyenne 113.55 €. Mise à jour : 2026-03-28 18:41:31.;Converse Run Star Hike Hi — à partir de 84 € (marché FR).
1;Converse Run Star Hike Low;Sneakers|Converse;98,20;SB-CON-RUN-STAR-HIKE-;Agrégat FR SneakerBot — 27 sources.;Prix min 70.00 €, max 122.50 €, moyenne 98.20 €. Mise à jour : 2026-03-28 18:41:31.;Converse Run Star Hike Low — à partir de 70 € (marché FR).
1;Converse Run Star Hike Women;Sneakers|Converse;92,88;SB-CON-RUN-STAR-HIKE-;Agrégat FR SneakerBot — 26 sources.;Prix min 70.00 €, max 120.00 €, moyenne 92.88 €. Mise à jour : 2026-03-28 18:41:31.;Converse Run Star Hike Women — à partir de 70 € (marché FR).
1;New Balance 1906R Metallic;Sneakers|New Balance;121,70;SB-NEW-1906R-METALLIC;Agrégat FR SneakerBot — 40 sources.;Prix min 90.00 €, max 160.00 €, moyenne 121.70 €. Mise à jour : 2026-03-28 18:41:31.;New Balance 1906R Metallic — à partir de 90 € (marché FR).
1;New Balance 1906R Protection Pack;Sneakers|New Balance;128,00;SB-NEW-1906R-PROTECTI;Agrégat FR SneakerBot — 29 sources.;Prix min 94.99 €, max 170.00 €, moyenne 128.00 €. Mise à jour : 2026-03-28 18:41:31.;New Balance 1906R Protection Pack — à partir de 95 € (marché FR).
1;New Balance 2002R Gore-Tex;Sneakers|New Balance;116,27;SB-NEW-2002R-GORE-TEX;Agrégat FR SneakerBot — 33 sources.;Prix min 90.00 €, max 155.00 €, moyenne 116.27 €. Mise à jour : 2026-03-28 18:41:31.;New Balance 2002R Gore-Tex — à partir de 90 € (marché FR).
1;New Balance 2002R Protection Pack;Sneakers|New Balance;128,29;SB-NEW-2002R-PROTECTI;Agrégat FR SneakerBot — 37 sources.;Prix min 94.99 €, max 170.00 €, moyenne 128.29 €. Mise à jour : 2026-03-28 18:41:31.;New Balance 2002R Protection Pack — à partir de 95 € (marché FR).
1;New Balance 2002R Women;Sneakers|New Balance;108,11;SB-NEW-2002R-WOMEN;Agrégat FR SneakerBot — 28 sources.;Prix min 82.00 €, max 135.00 €, moyenne 108.11 €. Mise à jour : 2026-03-28 18:41:31.;New Balance 2002R Women — à partir de 82 € (marché FR).
1;New Balance 327 Women;Sneakers|New Balance;118,00;SB-NEW-327-WOMEN;Agrégat FR SneakerBot — 23 sources.;Prix min 90.00 €, max 155.00 €, moyenne 118.00 €. Mise à jour : 2026-03-28 18:41:31.;New Balance 327 Women — à partir de 90 € (marché FR).
1;New Balance 530 Silver;Sneakers|New Balance;106,70;SB-NEW-530-SILVER;Agrégat FR SneakerBot — 29 sources.;Prix min 80.00 €, max 140.00 €, moyenne 106.70 €. Mise à jour : 2026-03-28 18:41:31.;New Balance 530 Silver — à partir de 80 € (marché FR).
1;New Balance 530 White;Sneakers|New Balance;115,65;SB-NEW-530-WHITE;Agrégat FR SneakerBot — 36 sources.;Prix min 82.67 €, max 148.81 €, moyenne 115.65 €. Mise à jour : 2026-03-28 18:41:31.;New Balance 530 White — à partir de 83 € (marché FR).
1;New Balance 530 Women;Sneakers|New Balance;120,00;SB-NEW-530-WOMEN;Agrégat FR SneakerBot — 29 sources.;Prix min 90.00 €, max 160.00 €, moyenne 120.00 €. Mise à jour : 2026-03-28 18:41:31.;New Balance 530 Women — à partir de 90 € (marché FR).
1;New Balance 550 White Green;Sneakers|New Balance;113,59;SB-NEW-550-WHITE-GREE;Agrégat FR SneakerBot — 34 sources.;Prix min 79.99 €, max 143.98 €, moyenne 113.59 €. Mise à jour : 2026-03-28 18:41:31.;New Balance 550 White Green — à partir de 80 € (marché FR).
1;New Balance 550 White Navy;Sneakers|New Balance;111,68;SB-NEW-550-WHITE-NAVY;Agrégat FR SneakerBot — 28 sources.;Prix min 79.99 €, max 140.00 €, moyenne 111.68 €. Mise à jour : 2026-03-28 18:41:31.;New Balance 550 White Navy — à partir de 80 € (marché FR).
1;New Balance 550 Women;Sneakers|New Balance;106,98;SB-NEW-550-WOMEN;Agrégat FR SneakerBot — 27 sources.;Prix min 75.00 €, max 135.00 €, moyenne 106.98 €. Mise à jour : 2026-03-28 18:41:31.;New Balance 550 Women — à partir de 75 € (marché FR).
1;New Balance 574 Core;Sneakers|New Balance;107,92;SB-NEW-574-CORE;Agrégat FR SneakerBot — 26 sources.;Prix min 77.95 €, max 135.00 €, moyenne 107.92 €. Mise à jour : 2026-03-28 18:41:31.;New Balance 574 Core — à partir de 78 € (marché FR).
1;New Balance 574 Legacy;Sneakers|New Balance;104,04;SB-NEW-574-LEGACY;Agrégat FR SneakerBot — 30 sources.;Prix min 75.00 €, max 135.00 €, moyenne 104.04 €. Mise à jour : 2026-03-28 18:41:31.;New Balance 574 Legacy — à partir de 75 € (marché FR).
1;New Balance 574 Women;Sneakers|New Balance;112,00;SB-NEW-574-WOMEN;Agrégat FR SneakerBot — 29 sources.;Prix min 85.00 €, max 150.00 €, moyenne 112.00 €. Mise à jour : 2026-03-28 18:41:31.;New Balance 574 Women — à partir de 85 € (marché FR).
1;New Balance 9060 Women;Sneakers|New Balance;165,00;SB-NEW-9060-WOMEN;Agrégat FR SneakerBot — 33 sources.;Prix min 130.00 €, max 220.00 €, moyenne 165.00 €. Mise à jour : 2026-03-28 18:41:31.;New Balance 9060 Women — à partir de 130 € (marché FR).
1;New Balance 990v6 Made in USA;Sneakers|New Balance;230,00;SB-NEW-990V6-MADE-IN-;Agrégat FR SneakerBot — 29 sources.;Prix min 180.00 €, max 280.00 €, moyenne 230.00 €. Mise à jour : 2026-03-28 18:41:31.;New Balance 990v6 Made in USA — à partir de 180 € (marché FR).
1;Nike Air Force 1 High;Sneakers|Nike;125,67;SB-NIK-AIR-FORCE-1-HI;Agrégat FR SneakerBot — 45 sources.;Prix min 90.99 €, max 159.23 €, moyenne 125.67 €. Mise à jour : 2026-03-28 18:41:31.;Nike Air Force 1 High — à partir de 91 € (marché FR).
1;Nike Air Force 1 Low;Sneakers|Nike;115,50;SB-NIK-AIR-FORCE-1-LO;Agrégat FR SneakerBot — 46 sources.;Prix min 79.99 €, max 139.98 €, moyenne 115.50 €. Mise à jour : 2026-03-28 18:41:31.;Nike Air Force 1 Low — à partir de 80 € (marché FR).
1;Nike Air Force 1 Low Women;Sneakers|Nike;118,00;SB-NIK-AIR-FORCE-1-LO;Agrégat FR SneakerBot — 34 sources.;Prix min 85.00 €, max 160.00 €, moyenne 118.00 €. Mise à jour : 2026-03-28 18:41:31.;Nike Air Force 1 Low Women — à partir de 85 € (marché FR).
1;Nike Air Force 1 Mid;Sneakers|Nike;128,68;SB-NIK-AIR-FORCE-1-MI;Agrégat FR SneakerBot — 42 sources.;Prix min 90.99 €, max 159.23 €, moyenne 128.68 €. Mise à jour : 2026-03-28 18:41:31.;Nike Air Force 1 Mid — à partir de 91 € (marché FR).
1;Nike Air Jordan 1 High OG;Sneakers|Nike;185,00;SB-NIK-AIR-JORDAN-1-H;Agrégat FR SneakerBot — 48 sources.;Prix min 120.00 €, max 250.00 €, moyenne 185.00 €. Mise à jour : 2026-03-28 18:41:31.;Nike Air Jordan 1 High OG — à partir de 120 € (marché FR).
1;Nike Air Jordan 1 Low;Sneakers|Nike;119,31;SB-NIK-AIR-JORDAN-1-L;Agrégat FR SneakerBot — 43 sources.;Prix min 89.99 €, max 157.48 €, moyenne 119.31 €. Mise à jour : 2026-03-28 18:41:31.;Nike Air Jordan 1 Low — à partir de 90 € (marché FR).
1;Nike Air Jordan 1 Low Women;Sneakers|Nike;128,00;SB-NIK-AIR-JORDAN-1-L;Agrégat FR SneakerBot — 36 sources.;Prix min 95.00 €, max 175.00 €, moyenne 128.00 €. Mise à jour : 2026-03-28 18:41:31.;Nike Air Jordan 1 Low Women — à partir de 95 € (marché FR).
1;Nike Air Jordan 1 Mid;Sneakers|Nike;118,45;SB-NIK-AIR-JORDAN-1-M;Agrégat FR SneakerBot — 40 sources.;Prix min 89.99 €, max 150.00 €, moyenne 118.45 €. Mise à jour : 2026-03-28 18:41:31.;Nike Air Jordan 1 Mid — à partir de 90 € (marché FR).
1;Nike Air Jordan 1 Mid Women;Sneakers|Nike;138,00;SB-NIK-AIR-JORDAN-1-M;Agrégat FR SneakerBot — 44 sources.;Prix min 100.00 €, max 190.00 €, moyenne 138.00 €. Mise à jour : 2026-03-28 18:41:31.;Nike Air Jordan 1 Mid Women — à partir de 100 € (marché FR).
1;Nike Air Max 90 Essential;Sneakers|Nike;126,43;SB-NIK-AIR-MAX-90-ESS;Agrégat FR SneakerBot — 41 sources.;Prix min 94.99 €, max 159.99 €, moyenne 126.43 €. Mise à jour : 2026-03-28 18:41:31.;Nike Air Max 90 Essential — à partir de 95 € (marché FR).
1;Nike Air Max 90 Gore-Tex;Sneakers|Nike;132,66;SB-NIK-AIR-MAX-90-GOR;Agrégat FR SneakerBot — 51 sources.;Prix min 94.99 €, max 166.23 €, moyenne 132.66 €. Mise à jour : 2026-03-28 18:41:31.;Nike Air Max 90 Gore-Tex — à partir de 95 € (marché FR).
1;Nike Air Max 90 Premium;Sneakers|Nike;130,89;SB-NIK-AIR-MAX-90-PRE;Agrégat FR SneakerBot — 42 sources.;Prix min 94.99 €, max 166.23 €, moyenne 130.89 €. Mise à jour : 2026-03-28 18:41:31.;Nike Air Max 90 Premium — à partir de 95 € (marché FR).
1;Nike Air Max 90 Women;Sneakers|Nike;105,94;SB-NIK-AIR-MAX-90-WOM;Agrégat FR SneakerBot — 37 sources.;Prix min 83.99 €, max 130.01 €, moyenne 105.94 €. Mise à jour : 2026-03-28 18:41:31.;Nike Air Max 90 Women — à partir de 84 € (marché FR).
1;Nike Air Max 95 Essential;Sneakers|Nike;132,68;SB-NIK-AIR-MAX-95-ESS;Agrégat FR SneakerBot — 40 sources.;Prix min 94.99 €, max 166.23 €, moyenne 132.68 €. Mise à jour : 2026-03-28 18:41:31.;Nike Air Max 95 Essential — à partir de 95 € (marché FR).
1;Nike Air Max 95 Premium;Sneakers|Nike;124,26;SB-NIK-AIR-MAX-95-PRE;Agrégat FR SneakerBot — 45 sources.;Prix min 87.95 €, max 153.91 €, moyenne 124.26 €. Mise à jour : 2026-03-28 18:41:31.;Nike Air Max 95 Premium — à partir de 88 € (marché FR).
1;Nike Air Max 97 Essential;Sneakers|Nike;132,49;SB-NIK-AIR-MAX-97-ESS;Agrégat FR SneakerBot — 47 sources.;Prix min 94.99 €, max 166.23 €, moyenne 132.49 €. Mise à jour : 2026-03-28 18:41:31.;Nike Air Max 97 Essential — à partir de 95 € (marché FR).
1;Nike Air Max 97 Premium;Sneakers|Nike;127,71;SB-NIK-AIR-MAX-97-PRE;Agrégat FR SneakerBot — 44 sources.;Prix min 94.99 €, max 166.23 €, moyenne 127.71 €. Mise à jour : 2026-03-28 18:41:31.;Nike Air Max 97 Premium — à partir de 95 € (marché FR).
1;Nike Cortez Women;Sneakers|Nike;108,00;SB-NIK-CORTEZ-WOMEN;Agrégat FR SneakerBot — 36 sources.;Prix min 80.00 €, max 145.00 €, moyenne 108.00 €. Mise à jour : 2026-03-28 18:41:31.;Nike Cortez Women — à partir de 80 € (marché FR).
1;Nike Dunk High Retro;Sneakers|Nike;104,94;SB-NIK-DUNK-HIGH-RETR;Agrégat FR SneakerBot — 34 sources.;Prix min 76.00 €, max 133.00 €, moyenne 104.94 €. Mise à jour : 2026-03-28 18:41:31.;Nike Dunk High Retro — à partir de 76 € (marché FR).
1;Nike Dunk Low Pro;Sneakers|Nike;118,53;SB-NIK-DUNK-LOW-PRO;Agrégat FR SneakerBot — 43 sources.;Prix min 84.00 €, max 147.00 €, moyenne 118.53 €. Mise à jour : 2026-03-28 18:41:31.;Nike Dunk Low Pro — à partir de 84 € (marché FR).
1;Nike Dunk Low Retro;Sneakers|Nike;120,06;SB-NIK-DUNK-LOW-RETRO;Agrégat FR SneakerBot — 46 sources.;Prix min 90.00 €, max 157.50 €, moyenne 120.06 €. Mise à jour : 2026-03-28 18:41:31.;Nike Dunk Low Retro — à partir de 90 € (marché FR).
1;Nike Dunk Low Women;Sneakers|Nike;126,00;SB-NIK-DUNK-LOW-WOMEN;Agrégat FR SneakerBot — 39 sources.;Prix min 95.00 €, max 170.00 €, moyenne 126.00 €. Mise à jour : 2026-03-28 18:41:31.;Nike Dunk Low Women — à partir de 95 € (marché FR).
1;Nike P-6000 Women;Sneakers|Nike;108,78;SB-NIK-P-6000-WOMEN;Agrégat FR SneakerBot — 34 sources.;Prix min 80.00 €, max 140.00 €, moyenne 108.78 €. Mise à jour : 2026-03-28 18:41:31.;Nike P-6000 Women — à partir de 80 € (marché FR).
1;Nike V2K Run Women;Sneakers|Nike;122,00;SB-NIK-V2K-RUN-WOMEN;Agrégat FR SneakerBot — 26 sources.;Prix min 95.00 €, max 165.00 €, moyenne 122.00 €. Mise à jour : 2026-03-28 18:41:31.;Nike V2K Run Women — à partir de 95 € (marché FR).
1;Nike Zoom Vomero 5 Women;Sneakers|Nike;158,00;SB-NIK-ZOOM-VOMERO-5-;Agrégat FR SneakerBot — 40 sources.;Prix min 120.00 €, max 210.00 €, moyenne 158.00 €. Mise à jour : 2026-03-28 18:41:31.;Nike Zoom Vomero 5 Women — à partir de 120 € (marché FR).
1;On Running Cloud 5 Push;Sneakers|On Running;121,49;SB-ONR-CLOUD-5-PUSH;Agrégat FR SneakerBot — 32 sources.;Prix min 94.95 €, max 156.67 €, moyenne 121.49 €. Mise à jour : 2026-03-28 18:41:31.;On Running Cloud 5 Push — à partir de 95 € (marché FR).
1;On Running Cloud 5 Waterproof;Sneakers|On Running;124,02;SB-ONR-CLOUD-5-WATERP;Agrégat FR SneakerBot — 27 sources.;Prix min 94.50 €, max 155.92 €, moyenne 124.02 €. Mise à jour : 2026-03-28 18:41:31.;On Running Cloud 5 Waterproof — à partir de 94 € (marché FR).
1;On Running Cloud 5 Women;Sneakers|On Running;155,00;SB-ONR-CLOUD-5-WOMEN;Agrégat FR SneakerBot — 28 sources.;Prix min 130.00 €, max 190.00 €, moyenne 155.00 €. Mise à jour : 2026-03-28 18:41:31.;On Running Cloud 5 Women — à partir de 130 € (marché FR).
1;On Running Cloud X 4;Sneakers|On Running;125,82;SB-ONR-CLOUD-X-4;Agrégat FR SneakerBot — 25 sources.;Prix min 94.99 €, max 156.73 €, moyenne 125.82 €. Mise à jour : 2026-03-28 18:41:31.;On Running Cloud X 4 — à partir de 95 € (marché FR).
1;On Running Cloudgo 2;Sneakers|On Running;113,01;SB-ONR-CLOUDGO-2;Agrégat FR SneakerBot — 19 sources.;Prix min 94.95 €, max 150.00 €, moyenne 113.01 €. Mise à jour : 2026-03-28 18:41:31.;On Running Cloudgo 2 — à partir de 95 € (marché FR).
1;On Running Cloudmonster Hyper;Sneakers|On Running;122,92;SB-ONR-CLOUDMONSTER-H;Agrégat FR SneakerBot — 31 sources.;Prix min 94.99 €, max 156.73 €, moyenne 122.92 €. Mise à jour : 2026-03-28 18:41:31.;On Running Cloudmonster Hyper — à partir de 95 € (marché FR).
1;On Running Cloudmonster Women;Sneakers|On Running;185,00;SB-ONR-CLOUDMONSTER-W;Agrégat FR SneakerBot — 30 sources.;Prix min 150.00 €, max 230.00 €, moyenne 185.00 €. Mise à jour : 2026-03-28 18:41:31.;On Running Cloudmonster Women — à partir de 150 € (marché FR).
1;On Running Cloudnova Form;Sneakers|On Running;155,00;SB-ONR-CLOUDNOVA-FORM;Agrégat FR SneakerBot — 29 sources.;Prix min 130.00 €, max 180.00 €, moyenne 155.00 €. Mise à jour : 2026-03-28 18:41:31.;On Running Cloudnova Form — à partir de 130 € (marché FR).
1;On Running Cloudrunner 2;Sneakers|On Running;132,26;SB-ONR-CLOUDRUNNER-2;Agrégat FR SneakerBot — 19 sources.;Prix min 94.99 €, max 156.73 €, moyenne 132.26 €. Mise à jour : 2026-03-28 18:41:31.;On Running Cloudrunner 2 — à partir de 95 € (marché FR).
1;On Running Cloudrunner Women;Sneakers|On Running;112,45;SB-ONR-CLOUDRUNNER-WO;Agrégat FR SneakerBot — 22 sources.;Prix min 94.95 €, max 150.00 €, moyenne 112.45 €. Mise à jour : 2026-03-28 18:41:31.;On Running Cloudrunner Women — à partir de 95 € (marché FR).
1;On Running Cloudsurfer 7;Sneakers|On Running;123,81;SB-ONR-CLOUDSURFER-7;Agrégat FR SneakerBot — 24 sources.;Prix min 94.99 €, max 156.73 €, moyenne 123.81 €. Mise à jour : 2026-03-28 18:41:31.;On Running Cloudsurfer 7 — à partir de 95 € (marché FR).
1;On Running Cloudsurfer Women;Sneakers|On Running;168,00;SB-ONR-CLOUDSURFER-WO;Agrégat FR SneakerBot — 28 sources.;Prix min 140.00 €, max 210.00 €, moyenne 168.00 €. Mise à jour : 2026-03-28 18:41:31.;On Running Cloudsurfer Women — à partir de 140 € (marché FR).
1;Puma Clyde OG;Sneakers|Puma;84,61;SB-PUM-CLYDE-OG;Agrégat FR SneakerBot — 37 sources.;Prix min 64.95 €, max 112.50 €, moyenne 84.61 €. Mise à jour : 2026-03-28 18:41:31.;Puma Clyde OG — à partir de 65 € (marché FR).
1;Puma Future Rider Play On;Sneakers|Puma;98,49;SB-PUM-FUTURE-RIDER-P;Agrégat FR SneakerBot — 33 sources.;Prix min 73.50 €, max 129.95 €, moyenne 98.49 €. Mise à jour : 2026-03-28 18:41:31.;Puma Future Rider Play On — à partir de 74 € (marché FR).
1;Puma Palermo Leather;Sneakers|Puma;93,12;SB-PUM-PALERMO-LEATHE;Agrégat FR SneakerBot — 29 sources.;Prix min 70.00 €, max 121.50 €, moyenne 93.12 €. Mise à jour : 2026-03-28 18:41:31.;Puma Palermo Leather — à partir de 70 € (marché FR).
1;Puma Palermo OG;Sneakers|Puma;80,40;SB-PUM-PALERMO-OG;Agrégat FR SneakerBot — 36 sources.;Prix min 60.00 €, max 103.50 €, moyenne 80.40 €. Mise à jour : 2026-03-28 18:41:31.;Puma Palermo OG — à partir de 60 € (marché FR).
1;Puma Palermo Women;Sneakers|Puma;81,05;SB-PUM-PALERMO-WOMEN;Agrégat FR SneakerBot — 36 sources.;Prix min 60.00 €, max 103.50 €, moyenne 81.05 €. Mise à jour : 2026-03-28 18:41:31.;Puma Palermo Women — à partir de 60 € (marché FR).
1;Puma RS-X Efekt;Sneakers|Puma;86,35;SB-PUM-RS-X-EFEKT;Agrégat FR SneakerBot — 39 sources.;Prix min 65.00 €, max 112.50 €, moyenne 86.35 €. Mise à jour : 2026-03-28 18:41:31.;Puma RS-X Efekt — à partir de 65 € (marché FR).
1;Puma RS-X Reinvention;Sneakers|Puma;87,44;SB-PUM-RS-X-REINVENTI;Agrégat FR SneakerBot — 39 sources.;Prix min 63.95 €, max 112.50 €, moyenne 87.44 €. Mise à jour : 2026-03-28 18:41:31.;Puma RS-X Reinvention — à partir de 64 € (marché FR).
1;Puma RS-X Women;Sneakers|Puma;118,00;SB-PUM-RS-X-WOMEN;Agrégat FR SneakerBot — 29 sources.;Prix min 85.00 €, max 160.00 €, moyenne 118.00 €. Mise à jour : 2026-03-28 18:41:31.;Puma RS-X Women — à partir de 85 € (marché FR).
1;Puma Speedcat;Sneakers|Puma;87,83;SB-PUM-SPEEDCAT;Agrégat FR SneakerBot — 48 sources.;Prix min 65.00 €, max 112.50 €, moyenne 87.83 €. Mise à jour : 2026-03-28 18:41:31.;Puma Speedcat — à partir de 65 € (marché FR).
1;Puma Speedcat OG;Sneakers|Puma;91,46;SB-PUM-SPEEDCAT-OG;Agrégat FR SneakerBot — 38 sources.;Prix min 65.00 €, max 117.00 €, moyenne 91.46 €. Mise à jour : 2026-03-28 18:41:31.;Puma Speedcat OG — à partir de 65 € (marché FR).
1;Puma Speedcat Women;Sneakers|Puma;105,00;SB-PUM-SPEEDCAT-WOMEN;Agrégat FR SneakerBot — 37 sources.;Prix min 80.00 €, max 140.00 €, moyenne 105.00 €. Mise à jour : 2026-03-28 18:41:31.;Puma Speedcat Women — à partir de 80 € (marché FR).
1;Puma Suede Classic Archive;Sneakers|Puma;92,57;SB-PUM-SUEDE-CLASSIC-;Agrégat FR SneakerBot — 31 sources.;Prix min 69.95 €, max 121.50 €, moyenne 92.57 €. Mise à jour : 2026-03-28 18:41:31.;Puma Suede Classic Archive — à partir de 70 € (marché FR).
1;Puma Suede Classic XXI;Sneakers|Puma;98,31;SB-PUM-SUEDE-CLASSIC-;Agrégat FR SneakerBot — 25 sources.;Prix min 72.00 €, max 129.60 €, moyenne 98.31 €. Mise à jour : 2026-03-28 18:41:31.;Puma Suede Classic XXI — à partir de 72 € (marché FR).
1;Puma Suede Women;Sneakers|Puma;96,00;SB-PUM-SUEDE-WOMEN;Agrégat FR SneakerBot — 29 sources.;Prix min 70.00 €, max 130.00 €, moyenne 96.00 €. Mise à jour : 2026-03-28 18:41:31.;Puma Suede Women — à partir de 70 € (marché FR).
1;Reebok BB 4000 II;Sneakers|Reebok;117,19;SB-REE-BB-4000-II;Agrégat FR SneakerBot — 26 sources.;Prix min 85.00 €, max 150.00 €, moyenne 117.19 €. Mise à jour : 2026-03-28 18:41:31.;Reebok BB 4000 II — à partir de 85 € (marché FR).
1;Reebok Classic Leather Legacy;Sneakers|Reebok;92,00;SB-REE-CLASSIC-LEATHE;Agrégat FR SneakerBot — 29 sources.;Prix min 65.00 €, max 130.00 €, moyenne 92.00 €. Mise à jour : 2026-03-28 18:41:31.;Reebok Classic Leather Legacy — à partir de 65 € (marché FR).
1;Reebok Classic Leather SP;Sneakers|Reebok;85,33;SB-REE-CLASSIC-LEATHE;Agrégat FR SneakerBot — 22 sources.;Prix min 66.50 €, max 119.00 €, moyenne 85.33 €. Mise à jour : 2026-03-28 18:41:31.;Reebok Classic Leather SP — à partir de 66 € (marché FR).
1;Reebok Classic Leather Women;Sneakers|Reebok;87,85;SB-REE-CLASSIC-LEATHE;Agrégat FR SneakerBot — 27 sources.;Prix min 66.50 €, max 105.01 €, moyenne 87.85 €. Mise à jour : 2026-03-28 18:41:31.;Reebok Classic Leather Women — à partir de 66 € (marché FR).
1;Reebok Club C 85 Extra;Sneakers|Reebok;87,07;SB-REE-CLUB-C-85-EXTR;Agrégat FR SneakerBot — 29 sources.;Prix min 68.00 €, max 110.00 €, moyenne 87.07 €. Mise à jour : 2026-03-28 18:41:31.;Reebok Club C 85 Extra — à partir de 68 € (marché FR).
1;Reebok Club C 85 Vintage;Sneakers|Reebok;96,66;SB-REE-CLUB-C-85-VINT;Agrégat FR SneakerBot — 32 sources.;Prix min 70.00 €, max 120.00 €, moyenne 96.66 €. Mise à jour : 2026-03-28 18:41:31.;Reebok Club C 85 Vintage — à partir de 70 € (marché FR).
1;Reebok Club C 85 Women;Sneakers|Reebok;95,37;SB-REE-CLUB-C-85-WOME;Agrégat FR SneakerBot — 30 sources.;Prix min 70.00 €, max 119.00 €, moyenne 95.37 €. Mise à jour : 2026-03-28 18:41:31.;Reebok Club C 85 Women — à partir de 70 € (marché FR).
1;Reebok Freestyle Hi 1987;Sneakers|Reebok;102,00;SB-REE-FREESTYLE-HI-1;Agrégat FR SneakerBot — 31 sources.;Prix min 70.00 €, max 140.00 €, moyenne 102.00 €. Mise à jour : 2026-03-28 18:41:31.;Reebok Freestyle Hi 1987 — à partir de 70 € (marché FR).
1;Reebok Freestyle Hi Women;Sneakers|Reebok;112,00;SB-REE-FREESTYLE-HI-W;Agrégat FR SneakerBot — 24 sources.;Prix min 80.00 €, max 150.00 €, moyenne 112.00 €. Mise à jour : 2026-03-28 18:41:31.;Reebok Freestyle Hi Women — à partir de 80 € (marché FR).
1;Reebok Instapump Fury OG;Sneakers|Reebok;155,00;SB-REE-INSTAPUMP-FURY;Agrégat FR SneakerBot — 26 sources.;Prix min 120.00 €, max 200.00 €, moyenne 155.00 €. Mise à jour : 2026-03-28 18:41:31.;Reebok Instapump Fury OG — à partir de 120 € (marché FR).
1;Reebok Instapump Fury Women;Sneakers|Reebok;104,25;SB-REE-INSTAPUMP-FURY;Agrégat FR SneakerBot — 33 sources.;Prix min 79.99 €, max 130.01 €, moyenne 104.25 €. Mise à jour : 2026-03-28 18:41:31.;Reebok Instapump Fury Women — à partir de 80 € (marché FR).
1;Reebok Nano X4;Sneakers|Reebok;105,42;SB-REE-NANO-X4;Agrégat FR SneakerBot — 17 sources.;Prix min 79.99 €, max 129.95 €, moyenne 105.42 €. Mise à jour : 2026-03-28 18:41:31.;Reebok Nano X4 — à partir de 80 € (marché FR).
1;Reebok Nano X4 Women;Sneakers|Reebok;97,44;SB-REE-NANO-X4-WOMEN;Agrégat FR SneakerBot — 35 sources.;Prix min 76.45 €, max 121.50 €, moyenne 97.44 €. Mise à jour : 2026-03-28 18:41:31.;Reebok Nano X4 Women — à partir de 76 € (marché FR).
1;Salomon ACS Pro Advanced;Sneakers|Salomon;170,00;SB-SAL-ACS-PRO-ADVANC;Agrégat FR SneakerBot — 32 sources.;Prix min 140.00 €, max 210.00 €, moyenne 170.00 €. Mise à jour : 2026-03-28 18:41:31.;Salomon ACS Pro Advanced — à partir de 140 € (marché FR).
1;Salomon ACS Pro Women;Sneakers|Salomon;134,74;SB-SAL-ACS-PRO-WOMEN;Agrégat FR SneakerBot — 23 sources.;Prix min 107.95 €, max 170.00 €, moyenne 134.74 €. Mise à jour : 2026-03-28 18:41:31.;Salomon ACS Pro Women — à partir de 108 € (marché FR).
1;Salomon Pulsar Advanced;Sneakers|Salomon;129,94;SB-SAL-PULSAR-ADVANCE;Agrégat FR SneakerBot — 26 sources.;Prix min 95.00 €, max 160.00 €, moyenne 129.94 €. Mise à jour : 2026-03-28 18:41:31.;Salomon Pulsar Advanced — à partir de 95 € (marché FR).
1;Salomon Pulsar Platform;Sneakers|Salomon;150,00;SB-SAL-PULSAR-PLATFOR;Agrégat FR SneakerBot — 27 sources.;Prix min 120.00 €, max 180.00 €, moyenne 150.00 €. Mise à jour : 2026-03-28 18:41:31.;Salomon Pulsar Platform — à partir de 120 € (marché FR).
1;Salomon Speedcross 6;Sneakers|Salomon;132,78;SB-SAL-SPEEDCROSS-6;Agrégat FR SneakerBot — 23 sources.;Prix min 104.95 €, max 165.00 €, moyenne 132.78 €. Mise à jour : 2026-03-28 18:41:31.;Salomon Speedcross 6 — à partir de 105 € (marché FR).
1;Salomon Speedcross 6 GTX;Sneakers|Salomon;141,18;SB-SAL-SPEEDCROSS-6-G;Agrégat FR SneakerBot — 18 sources.;Prix min 108.15 €, max 170.00 €, moyenne 141.18 €. Mise à jour : 2026-03-28 18:41:31.;Salomon Speedcross 6 GTX — à partir de 108 € (marché FR).
1;Salomon XT-4 Advanced;Sneakers|Salomon;165,00;SB-SAL-XT-4-ADVANCED;Agrégat FR SneakerBot — 31 sources.;Prix min 130.00 €, max 210.00 €, moyenne 165.00 €. Mise à jour : 2026-03-28 18:41:31.;Salomon XT-4 Advanced — à partir de 130 € (marché FR).
1;Salomon XT-4 OG;Sneakers|Salomon;175,00;SB-SAL-XT-4-OG;Agrégat FR SneakerBot — 38 sources.;Prix min 140.00 €, max 220.00 €, moyenne 175.00 €. Mise à jour : 2026-03-28 18:41:31.;Salomon XT-4 OG — à partir de 140 € (marché FR).
1;Salomon XT-6 Advanced;Sneakers|Salomon;185,00;SB-SAL-XT-6-ADVANCED;Agrégat FR SneakerBot — 31 sources.;Prix min 150.00 €, max 230.00 €, moyenne 185.00 €. Mise à jour : 2026-03-28 18:41:31.;Salomon XT-6 Advanced — à partir de 150 € (marché FR).
1;Salomon XT-6 Gore-Tex;Sneakers|Salomon;195,00;SB-SAL-XT-6-GORE-TEX;Agrégat FR SneakerBot — 28 sources.;Prix min 160.00 €, max 240.00 €, moyenne 195.00 €. Mise à jour : 2026-03-28 18:41:31.;Salomon XT-6 Gore-Tex — à partir de 160 € (marché FR).
1;Salomon XT-6 Women;Sneakers|Salomon;121,13;SB-SAL-XT-6-WOMEN;Agrégat FR SneakerBot — 30 sources.;Prix min 94.95 €, max 161.41 €, moyenne 121.13 €. Mise à jour : 2026-03-28 18:41:31.;Salomon XT-6 Women — à partir de 95 € (marché FR).
1;Vans Authentic Lo Pro;Sneakers|Vans;80,56;SB-VAN-AUTHENTIC-LO-P;Agrégat FR SneakerBot — 25 sources.;Prix min 60.00 €, max 105.00 €, moyenne 80.56 €. Mise à jour : 2026-03-28 18:41:31.;Vans Authentic Lo Pro — à partir de 60 € (marché FR).
1;Vans Authentic Women;Sneakers|Vans;80,00;SB-VAN-AUTHENTIC-WOME;Agrégat FR SneakerBot — 30 sources.;Prix min 60.00 €, max 110.00 €, moyenne 80.00 €. Mise à jour : 2026-03-28 18:41:31.;Vans Authentic Women — à partir de 60 € (marché FR).
1;Vans Era Stacked;Sneakers|Vans;76,33;SB-VAN-ERA-STACKED;Agrégat FR SneakerBot — 21 sources.;Prix min 59.95 €, max 94.99 €, moyenne 76.33 €. Mise à jour : 2026-03-28 18:41:31.;Vans Era Stacked — à partir de 60 € (marché FR).
1;Vans Half Cab Pro;Sneakers|Vans;88,00;SB-VAN-HALF-CAB-PRO;Agrégat FR SneakerBot — 35 sources.;Prix min 65.00 €, max 120.00 €, moyenne 88.00 €. Mise à jour : 2026-03-28 18:41:31.;Vans Half Cab Pro — à partir de 65 € (marché FR).
1;Vans Old Skool Overt;Sneakers|Vans;81,52;SB-VAN-OLD-SKOOL-OVER;Agrégat FR SneakerBot — 20 sources.;Prix min 56.00 €, max 98.00 €, moyenne 81.52 €. Mise à jour : 2026-03-28 18:41:31.;Vans Old Skool Overt — à partir de 56 € (marché FR).
1;Vans Old Skool Stackform;Sneakers|Vans;83,61;SB-VAN-OLD-SKOOL-STAC;Agrégat FR SneakerBot — 26 sources.;Prix min 60.00 €, max 105.00 €, moyenne 83.61 €. Mise à jour : 2026-03-28 18:41:31.;Vans Old Skool Stackform — à partir de 60 € (marché FR).
1;Vans Old Skool Women;Sneakers|Vans;88,00;SB-VAN-OLD-SKOOL-WOME;Agrégat FR SneakerBot — 28 sources.;Prix min 65.00 €, max 120.00 €, moyenne 88.00 €. Mise à jour : 2026-03-28 18:41:31.;Vans Old Skool Women — à partir de 65 € (marché FR).
1;Vans Sk8-Hi Reissue;Sneakers|Vans;90,00;SB-VAN-SK8-HI-REISSUE;Agrégat FR SneakerBot — 29 sources.;Prix min 70.00 €, max 120.00 €, moyenne 90.00 €. Mise à jour : 2026-03-28 18:41:31.;Vans Sk8-Hi Reissue — à partir de 70 € (marché FR).
1;Vans Sk8-Hi Tapered;Sneakers|Vans;105,52;SB-VAN-SK8-HI-TAPERED;Agrégat FR SneakerBot — 29 sources.;Prix min 80.00 €, max 129.95 €, moyenne 105.52 €. Mise à jour : 2026-03-28 18:41:31.;Vans Sk8-Hi Tapered — à partir de 80 € (marché FR).
1;Vans Sk8-Hi Women;Sneakers|Vans;94,00;SB-VAN-SK8-HI-WOMEN;Agrégat FR SneakerBot — 21 sources.;Prix min 70.00 €, max 130.00 €, moyenne 94.00 €. Mise à jour : 2026-03-28 18:41:31.;Vans Sk8-Hi Women — à partir de 70 € (marché FR).
1;Vans Slip-On Platform;Sneakers|Vans;81,94;SB-VAN-SLIP-ON-PLATFO;Agrégat FR SneakerBot — 15 sources.;Prix min 64.95 €, max 96.00 €, moyenne 81.94 €. Mise à jour : 2026-03-28 18:41:31.;Vans Slip-On Platform — à partir de 65 € (marché FR).
1;Vans Slip-On Women;Sneakers|Vans;83,06;SB-VAN-SLIP-ON-WOMEN;Agrégat FR SneakerBot — 20 sources.;Prix min 62.50 €, max 106.76 €, moyenne 83.06 €. Mise à jour : 2026-03-28 18:41:31.;Vans Slip-On Women — à partir de 62 € (marché FR).
